covid 19 | Most people who fall sick with COVID-19 will experience mild to moderate symptoms and recover without special treatment. However, some will become seriously ill and require medical attention.|covid
Isaac newton | Isaac Newton was an English physicist and mathematician famous for his laws of physics. He was a key figure in the Scientific Revolution of the 17th century |isaac
limits | mathematical concept based on the idea of closeness, used primarily to assign values to certain functions at points where no values are defined, in such a way as to be consistent with nearby values |limits
Galileo,Galileo | Italian natural philosopher, astronomer, and mathematician who made fundamental contributions to the sciences of motion, astronomy |galileo
covid 19 | Most people who fall sick with COVID-19 will experience mild to moderate symptoms and recover without special treatment. However, some will become seriously ill and require medical attention.|covid
Isaac newton | Isaac Newton was an English physicist and mathematician famous for his laws of physics. He was a key figure in the Scientific Revolution of the 17th century |isaac
limits | mathematical concept based on the idea of closeness, used primarily to assign values to certain functions at points where no values are defined, in such a way as to be consistent with nearby values |limits
Galileo,Galileo | Italian natural philosopher, astronomer, and mathematician who made fundamental contributions to the sciences of motion, astronomy |galileo
covid 19 | Most people who fall sick with COVID-19 will experience mild to moderate symptoms and recover without special treatment. However, some will become seriously ill and require medical attention.|covid
Isaac newton | Isaac Newton was an English physicist and mathematician famous for his laws of physics. He was a key figure in the Scientific Revolution of the 17th century |isaac
limits | mathematical concept based on the idea of closeness, used primarily to assign values to certain functions at points where no values are defined, in such a way as to be consistent with nearby values |limits
Galileo,Galileo | Italian natural philosopher, astronomer, and mathematician who made fundamental contributions to the sciences of motion, astronomy |galileo